Date,Experiment,Treatment,Sample,Gene,RQ
28-Jan,clmd_exp,Silenced,clmd-1,DWVa,0.150264829
28-Jan,clmd_exp,Silenced,clmd-1,VDV2,0.548586845
28-Jan,clmd_exp,Silenced,clmd-1,ARV2,1.606432915
28-Jan,clmd_exp,Silenced,clmd-10,DWVa,0.000207819
28-Jan,clmd_exp,Silenced,clmd-10,VDV2,1.198907733
28-Jan,clmd_exp,Silenced,clmd-10,ARV2,2.101011515
28-Jan,clmd_exp,Silenced,clmd-11,DWVa,0.006338525
28-Jan,clmd_exp,Silenced,clmd-11,VDV2,1.652528524
28-Jan,clmd_exp,Silenced,clmd-11,ARV2,3.49331069
28-Jan,clmd_exp,Silenced,clmd-12,DWVa,0.000237822
28-Jan,clmd_exp,Silenced,clmd-12,VDV2,0.880172908
28-Jan,clmd_exp,Silenced,clmd-12,ARV2,1.903977036
28-Jan,clmd_exp,Silenced,clmd-13,DWVa,0.680208445
28-Jan,clmd_exp,Silenced,clmd-13,VDV2,0.525192082
28-Jan,clmd_exp,Silenced,clmd-13,ARV2,2.343590736
28-Jan,clmd_exp,Silenced,clmd-14,DWVa,0.013836269
28-Jan,clmd_exp,Silenced,clmd-14,VDV2,0.884184361
28-Jan,clmd_exp,Silenced,clmd-14,ARV2,2.156058788
28-Jan,clmd_exp,Silenced,clmd-15,DWVa,7.341892719
28-Jan,clmd_exp,Silenced,clmd-15,VDV2,1.484449625
28-Jan,clmd_exp,Silenced,clmd-15,ARV2,8.50282383
28-Jan,clmd_exp,Silenced,clmd-2,DWVa,1.089096785
28-Jan,clmd_exp,Silenced,clmd-2,VDV2,1.091365933
28-Jan,clmd_exp,Silenced,clmd-2,ARV2,1.254718661
28-Jan,clmd_exp,Silenced,clmd-3,DWVa,4.51E-05
28-Jan,clmd_exp,Silenced,clmd-3,VDV2,0.234600425
28-Jan,clmd_exp,Silenced,clmd-3,ARV2,0.132022917
28-Jan,clmd_exp,Silenced,clmd-4,DWVa,3.42E-05
28-Jan,clmd_exp,Silenced,clmd-4,VDV2,0.670867145
28-Jan,clmd_exp,Silenced,clmd-4,ARV2,0.867372453
28-Jan,clmd_exp,Silenced,clmd-5,DWVa,0.000985049
28-Jan,clmd_exp,Silenced,clmd-5,VDV2,0.551896393
28-Jan,clmd_exp,Silenced,clmd-5,ARV2,0.61437875
28-Jan,clmd_exp,Silenced,clmd-6,DWVa,7.779678822
28-Jan,clmd_exp,Silenced,clmd-6,VDV2,0.583496332
28-Jan,clmd_exp,Silenced,clmd-6,ARV2,1.175482035
28-Jan,clmd_exp,Silenced,clmd-7,DWVa,26.15512085
28-Jan,clmd_exp,Silenced,clmd-7,VDV2,0.906218708
28-Jan,clmd_exp,Silenced,clmd-7,ARV2,2.012784243
28-Jan,clmd_exp,Silenced,clmd-8,DWVa,1.354491472
28-Jan,clmd_exp,Silenced,clmd-8,VDV2,0.717324853
28-Jan,clmd_exp,Silenced,clmd-8,ARV2,1.752617478
28-Jan,clmd_exp,Silenced,clmd-9,DWVa,0.000377256
28-Jan,clmd_exp,Silenced,clmd-9,VDV2,0.79770714
28-Jan,clmd_exp,Silenced,clmd-9,ARV2,1.432047009
23-Jan,CuP14_exp,Silenced,CuP14-1,ARV2,0.227170721
22-Jan,CuP14_exp,Silenced,CuP14-1,VDV2,0.64846307
21-Jan,CuP14_exp,Silenced,CuP14-1,DWVa,0.844249368
23-Jan,CuP14_exp,Silenced,CuP14-10,ARV2,0.295922041
22-Jan,CuP14_exp,Silenced,CuP14-10,VDV2,0.648986697
21-Jan,CuP14_exp,Silenced,CuP14-10,DWVa,6.25E-05
23-Jan,CuP14_exp,Silenced,CuP14-11,ARV2,0.718488514
22-Jan,CuP14_exp,Silenced,CuP14-11,VDV2,1.183239102
21-Jan,CuP14_exp,Silenced,CuP14-11,DWVa,0.377200842
23-Jan,CuP14_exp,Silenced,CuP14-12,ARV2,0.439379215
22-Jan,CuP14_exp,Silenced,CuP14-12,VDV2,1.479623795
21-Jan,CuP14_exp,Silenced,CuP14-12,DWVa,6.83E-05
23-Jan,CuP14_exp,Silenced,CuP14-2,ARV2,0.331317693
22-Jan,CuP14_exp,Silenced,CuP14-2,VDV2,1.058848858
21-Jan,CuP14_exp,Silenced,CuP14-2,DWVa,0.394207925
23-Jan,CuP14_exp,Silenced,CuP14-3,ARV2,0.243437961
22-Jan,CuP14_exp,Silenced,CuP14-3,VDV2,1.433555722
21-Jan,CuP14_exp,Silenced,CuP14-3,DWVa,0.979867637
23-Jan,CuP14_exp,Silenced,CuP14-4,ARV2,0.514969766
22-Jan,CuP14_exp,Silenced,CuP14-4,VDV2,1.162354827
21-Jan,CuP14_exp,Silenced,CuP14-4,DWVa,0.186924025
23-Jan,CuP14_exp,Silenced,CuP14-5,ARV2,1.496856451
22-Jan,CuP14_exp,Silenced,CuP14-5,VDV2,1.444334626
21-Jan,CuP14_exp,Silenced,CuP14-5,DWVa,1.976145744
23-Jan,CuP14_exp,Silenced,CuP14-6,ARV2,0.888622344
22-Jan,CuP14_exp,Silenced,CuP14-6,VDV2,1.480247855
21-Jan,CuP14_exp,Silenced,CuP14-6,DWVa,3.047558784
23-Jan,CuP14_exp,Silenced,CuP14-7,ARV2,0.346553832
22-Jan,CuP14_exp,Silenced,CuP14-7,VDV2,1.265493989
21-Jan,CuP14_exp,Silenced,CuP14-7,DWVa,0.069209315
23-Jan,CuP14_exp,Silenced,CuP14-8,ARV2,0.120648518
21-Jan,CuP14_exp,Silenced,CuP14-8,DWVa,1.319452643
23-Jan,CuP14_exp,Silenced,CuP14-9,ARV2,0.107316189
22-Jan,CuP14_exp,Silenced,CuP14-9,VDV2,0.683777153
21-Jan,CuP14_exp,Silenced,CuP14-9,DWVa,0.00202486
19-Jan,CuP8_exp,Silenced,CuP8-1,ARV2,1.071928859
19-Jan,CuP8_exp,Silenced,CuP8-1,DWVa,0.67207092
19-Jan,CuP8_exp,Silenced,CuP8-1,VDV2,0.624945045
19-Jan,CuP8_exp,Silenced,CuP8-10,ARV2,2.047338486
19-Jan,CuP8_exp,Silenced,CuP8-10,DWVa,1.419323325
19-Jan,CuP8_exp,Silenced,CuP8-10,VDV2,1.717242956
19-Jan,CuP8_exp,Silenced,CuP8-11,ARV2,2.182085514
19-Jan,CuP8_exp,Silenced,CuP8-11,DWVa,0.931816041
19-Jan,CuP8_exp,Silenced,CuP8-11,VDV2,1.547189713
19-Jan,CuP8_exp,Silenced,CuP8-12,ARV2,3.078506231
19-Jan,CuP8_exp,Silenced,CuP8-12,DWVa,0.73893553
19-Jan,CuP8_exp,Silenced,CuP8-12,VDV2,1.82015264
19-Jan,CuP8_exp,Silenced,CuP8-13,ARV2,1.427448988
19-Jan,CuP8_exp,Silenced,CuP8-13,DWVa,2.113085985
19-Jan,CuP8_exp,Silenced,CuP8-13,VDV2,0.676323473
19-Jan,CuP8_exp,Silenced,CuP8-2,ARV2,1.752190113
19-Jan,CuP8_exp,Silenced,CuP8-2,DWVa,23908.85742
19-Jan,CuP8_exp,Silenced,CuP8-2,VDV2,0.678302884
19-Jan,CuP8_exp,Silenced,CuP8-3,ARV2,2.550382614
19-Jan,CuP8_exp,Silenced,CuP8-3,DWVa,4.463777542
19-Jan,CuP8_exp,Silenced,CuP8-3,VDV2,1.109782696
19-Jan,CuP8_exp,Silenced,CuP8-4,ARV2,1.131178021
19-Jan,CuP8_exp,Silenced,CuP8-4,DWVa,117865.75
19-Jan,CuP8_exp,Silenced,CuP8-4,VDV2,0.707203567
19-Jan,CuP8_exp,Silenced,CuP8-5,ARV2,1.41023767
19-Jan,CuP8_exp,Silenced,CuP8-5,DWVa,416833.0938
19-Jan,CuP8_exp,Silenced,CuP8-5,VDV2,0.798135996
19-Jan,CuP8_exp,Silenced,CuP8-6,ARV2,1.738474607
19-Jan,CuP8_exp,Silenced,CuP8-6,DWVa,2.343626499
19-Jan,CuP8_exp,Silenced,CuP8-6,VDV2,1.713207603
19-Jan,CuP8_exp,Silenced,CuP8-7,ARV2,0.737028122
19-Jan,CuP8_exp,Silenced,CuP8-7,DWVa,0.339076787
19-Jan,CuP8_exp,Silenced,CuP8-7,VDV2,0.648951471
19-Jan,CuP8_exp,Silenced,CuP8-8,ARV2,1.654158115
19-Jan,CuP8_exp,Silenced,CuP8-8,DWVa,1.302171469
19-Jan,CuP8_exp,Silenced,CuP8-8,VDV2,0.886701226
19-Jan,CuP8_exp,Silenced,CuP8-9,ARV2,3.544885159
19-Jan,CuP8_exp,Silenced,CuP8-9,DWVa,0.625359118
19-Jan,CuP8_exp,Silenced,CuP8-9,VDV2,0.919606388
15-Jan,Sar_exp,Control,GFP-1,ARV2,1.028130054
14-Jan,Sar_exp,Control,GFP-1,DWVa,4.421034336
14-Jan,Sar_exp,Control,GFP-1,VDV2,0.940459669
15-Jan,Glut_exp,Control,GFP-10,DWVa,146.2377167
16-Jan,Glut_exp,Control,GFP-10,ARV2,0.696902931
16-Jan,Glut_exp,Control,GFP-10,VDV2,0.894411266
23-Jan,CuP14_exp,Control,GFP-10,ARV2,0.330522776
22-Jan,CuP14_exp,Control,GFP-10,VDV2,1.037466168
21-Jan,CuP14_exp,Control,GFP-10,DWVa,2.806506157
28-Jan,clmd_exp,Control,GFP-10,DWVa,10.3603487
28-Jan,clmd_exp,Control,GFP-10,VDV2,0.722214103
28-Jan,clmd_exp,Control,GFP-10,ARV2,1.213439584
15-Jan,Glut_exp,Control,GFP-11,DWVa,51.81168747
16-Jan,Glut_exp,Control,GFP-11,ARV2,0.737949967
16-Jan,Glut_exp,Control,GFP-11,VDV2,0.922610641
23-Jan,CuP14_exp,Control,GFP-11,ARV2,0.348175853
22-Jan,CuP14_exp,Control,GFP-11,VDV2,1.162290335
21-Jan,CuP14_exp,Control,GFP-11,DWVa,1.087976813
28-Jan,clmd_exp,Control,GFP-11,DWVa,3.931087255
28-Jan,clmd_exp,Control,GFP-11,VDV2,0.762029469
28-Jan,clmd_exp,Control,GFP-11,ARV2,1.164345026
19-Jan,CuP8_exp,Control,GFP-13,ARV2,1
19-Jan,CuP8_exp,Control,GFP-13,DWVa,1
19-Jan,CuP8_exp,Control,GFP-13,VDV2,1
15-Jan,Sar_exp,Control,GFP-14,ARV2,1
14-Jan,Sar_exp,Control,GFP-14,DWVa,1
14-Jan,Sar_exp,Control,GFP-14,VDV2,1
15-Jan,Sar_exp,Control,GFP-16,ARV2,17.61896324
14-Jan,Sar_exp,Control,GFP-16,DWVa,0.441023171
14-Jan,Sar_exp,Control,GFP-16,VDV2,2.000174522
15-Jan,Glut_exp,Control,GFP-17,DWVa,1
16-Jan,Glut_exp,Control,GFP-17,ARV2,1
16-Jan,Glut_exp,Control,GFP-17,VDV2,1
15-Jan,Sar_exp,Control,GFP-18,ARV2,1.864304781
14-Jan,Sar_exp,Control,GFP-18,DWVa,5.059764862
14-Jan,Sar_exp,Control,GFP-18,VDV2,0.816854954
15-Jan,Glut_exp,Control,GFP-19,DWVa,5.100768566
16-Jan,Glut_exp,Control,GFP-19,ARV2,1.749208927
16-Jan,Glut_exp,Control,GFP-19,VDV2,0.587364674
23-Jan,Gly_exp,Control,GFP-19,ARV2,2.870485067
23-Jan,Gly_exp,Control,GFP-19,DWVa,0.404286653
23-Jan,Gly_exp,Control,GFP-19,VDV2,0.51854521
15-Jan,Sar_exp,Control,GFP-2,ARV2,0.702936172
14-Jan,Sar_exp,Control,GFP-2,DWVa,0.204732493
14-Jan,Sar_exp,Control,GFP-2,VDV2,1.065858006
19-Jan,CuP8_exp,Control,GFP-20,ARV2,26.75011444
19-Jan,CuP8_exp,Control,GFP-20,DWVa,96264.38281
19-Jan,CuP8_exp,Control,GFP-20,VDV2,1.995037794
28-Jan,clmd_exp,Control,GFP-20,DWVa,4.65834713
28-Jan,clmd_exp,Control,GFP-20,VDV2,1.143931866
28-Jan,clmd_exp,Control,GFP-20,ARV2,10.08215141
19-Jan,CuP8_exp,Control,GFP-21,ARV2,3.348497868
19-Jan,CuP8_exp,Control,GFP-21,DWVa,8840.530273
19-Jan,CuP8_exp,Control,GFP-21,VDV2,1.37419498
19-Jan,CuP8_exp,Control,GFP-22,ARV2,9.980959892
19-Jan,CuP8_exp,Control,GFP-22,DWVa,136112.4531
19-Jan,CuP8_exp,Control,GFP-22,VDV2,1.748795033
15-Jan,Glut_exp,Control,GFP-23,DWVa,0.079183802
16-Jan,Glut_exp,Control,GFP-23,ARV2,1.476749063
16-Jan,Glut_exp,Control,GFP-23,VDV2,1.319163918
15-Jan,Glut_exp,Control,GFP-24,DWVa,0.199793413
16-Jan,Glut_exp,Control,GFP-24,ARV2,0.828732908
16-Jan,Glut_exp,Control,GFP-24,VDV2,1.033597946
28-Jan,clmd_exp,Control,GFP-24,DWVa,0.015000367
28-Jan,clmd_exp,Control,GFP-24,VDV2,0.86078608
28-Jan,clmd_exp,Control,GFP-24,ARV2,1.343678117
19-Jan,CuP8_exp,Control,GFP-25,ARV2,3.35212779
19-Jan,CuP8_exp,Control,GFP-25,DWVa,0.53645891
19-Jan,CuP8_exp,Control,GFP-25,VDV2,2.386583328
19-Jan,CuP8_exp,Control,GFP-26,ARV2,3.479910851
19-Jan,CuP8_exp,Control,GFP-26,DWVa,46481.20703
19-Jan,CuP8_exp,Control,GFP-26,VDV2,1.516028643
19-Jan,CuP8_exp,Control,GFP-27,ARV2,9.655173302
19-Jan,CuP8_exp,Control,GFP-27,DWVa,76098.85938
19-Jan,CuP8_exp,Control,GFP-27,VDV2,2.777146339
23-Jan,CuP14_exp,Control,GFP-28,ARV2,0.480044574
22-Jan,CuP14_exp,Control,GFP-28,VDV2,1.058779597
21-Jan,CuP14_exp,Control,GFP-28,DWVa,3.40E-06
23-Jan,CuP14_exp,Control,GFP-29,ARV2,0.635991454
22-Jan,CuP14_exp,Control,GFP-29,VDV2,2.439858675
21-Jan,CuP14_exp,Control,GFP-29,DWVa,4.00E-06
15-Jan,Glut_exp,Control,GFP-3,DWVa,5.917992115
16-Jan,Glut_exp,Control,GFP-3,ARV2,0.655617952
16-Jan,Glut_exp,Control,GFP-3,VDV2,1.147677302
23-Jan,Gly_exp,Control,GFP-30,ARV2,0.584663093
23-Jan,Gly_exp,Control,GFP-30,DWVa,0.000404736
23-Jan,Gly_exp,Control,GFP-30,VDV2,0.752707064
23-Jan,Gly_exp,Control,GFP-31,ARV2,12.45435524
23-Jan,Gly_exp,Control,GFP-31,DWVa,12.88668251
23-Jan,Gly_exp,Control,GFP-31,VDV2,3.274899483
23-Jan,Gly_exp,Control,GFP-32,ARV2,1.014986515
23-Jan,Gly_exp,Control,GFP-32,DWVa,0.870160878
23-Jan,Gly_exp,Control,GFP-32,VDV2,1.315945745
23-Jan,Gly_exp,Control,GFP-33,ARV2,4.875918865
23-Jan,CuP14_exp,Control,GFP-33,ARV2,1.362113118
22-Jan,CuP14_exp,Control,GFP-33,VDV2,0.873880327
21-Jan,CuP14_exp,Control,GFP-33,DWVa,0.004330089
23-Jan,Gly_exp,Control,GFP-33,DWVa,0.016958913
23-Jan,Gly_exp,Control,GFP-33,VDV2,0.639529765
28-Jan,clmd_exp,Control,GFP-33,DWVa,0.016837124
28-Jan,clmd_exp,Control,GFP-33,VDV2,0.58191818
28-Jan,clmd_exp,Control,GFP-33,ARV2,4.922049522
15-Jan,Sar_exp,Control,GFP-6,ARV2,3.560027122
14-Jan,Sar_exp,Control,GFP-6,DWVa,6.050934315
14-Jan,Sar_exp,Control,GFP-6,VDV2,0.71666038
23-Jan,CuP14_exp,Control,GFP-6,ARV2,1
22-Jan,CuP14_exp,Control,GFP-6,VDV2,1
21-Jan,CuP14_exp,Control,GFP-6,DWVa,1
15-Jan,Sar_exp,Control,GFP-7,ARV2,1.08774817
14-Jan,Sar_exp,Control,GFP-7,DWVa,0.035667889
14-Jan,Sar_exp,Control,GFP-7,VDV2,0.556342065
23-Jan,CuP14_exp,Control,GFP-7,ARV2,0.300823599
22-Jan,CuP14_exp,Control,GFP-7,VDV2,0.742110491
21-Jan,CuP14_exp,Control,GFP-7,DWVa,0.005965502
23-Jan,Gly_exp,Control,GFP-8,ARV2,1
23-Jan,Gly_exp,Control,GFP-8,DWVa,1
23-Jan,Gly_exp,Control,GFP-8,VDV2,1
28-Jan,clmd_exp,Control,GFP-8,DWVa,1
28-Jan,clmd_exp,Control,GFP-8,VDV2,1
28-Jan,clmd_exp,Control,GFP-8,ARV2,1
23-Jan,Gly_exp,Control,GFP-9,ARV2,0.645694733
23-Jan,Gly_exp,Control,GFP-9,DWVa,0.000311741
23-Jan,Gly_exp,Control,GFP-9,VDV2,0.80642134
28-Jan,clmd_exp,Control,GFP-9,DWVa,0.000302071
28-Jan,clmd_exp,Control,GFP-9,VDV2,0.76930207
28-Jan,clmd_exp,Control,GFP-9,ARV2,0.624745905
15-Jan,Glut_exp,Silenced,Glut-1,DWVa,191.6936493
16-Jan,Glut_exp,Silenced,Glut-1,ARV2,0.867511809
16-Jan,Glut_exp,Silenced,Glut-1,VDV2,0.737093866
15-Jan,Glut_exp,Silenced,Glut-10,DWVa,0.000120398
16-Jan,Glut_exp,Silenced,Glut-10,ARV2,1.199958324
16-Jan,Glut_exp,Silenced,Glut-10,VDV2,0.970326364
15-Jan,Glut_exp,Silenced,Glut-11,DWVa,5.769846439
16-Jan,Glut_exp,Silenced,Glut-11,ARV2,1.019470215
16-Jan,Glut_exp,Silenced,Glut-11,VDV2,1.030413508
15-Jan,Glut_exp,Silenced,Glut-2,DWVa,0.982562661
16-Jan,Glut_exp,Silenced,Glut-2,ARV2,1.401546478
16-Jan,Glut_exp,Silenced,Glut-2,VDV2,0.585450888
15-Jan,Glut_exp,Silenced,Glut-3,DWVa,42.69423676
16-Jan,Glut_exp,Silenced,Glut-3,ARV2,0.545196176
16-Jan,Glut_exp,Silenced,Glut-3,VDV2,0.728867173
15-Jan,Glut_exp,Silenced,Glut-4,DWVa,0.09077239
16-Jan,Glut_exp,Silenced,Glut-4,ARV2,0.298325866
16-Jan,Glut_exp,Silenced,Glut-4,VDV2,0.916330218
15-Jan,Glut_exp,Silenced,Glut-5,DWVa,110.1974869
16-Jan,Glut_exp,Silenced,Glut-5,ARV2,0.710165203
16-Jan,Glut_exp,Silenced,Glut-5,VDV2,0.700249493
15-Jan,Glut_exp,Silenced,Glut-6,DWVa,0.000605696
16-Jan,Glut_exp,Silenced,Glut-6,ARV2,0.660734475
16-Jan,Glut_exp,Silenced,Glut-6,VDV2,0.829708576
15-Jan,Glut_exp,Silenced,Glut-7,DWVa,0.037869953
16-Jan,Glut_exp,Silenced,Glut-7,ARV2,0.853704453
16-Jan,Glut_exp,Silenced,Glut-7,VDV2,0.985645175
15-Jan,Glut_exp,Silenced,Glut-8,DWVa,73.62708282
16-Jan,Glut_exp,Silenced,Glut-8,ARV2,4.077533245
16-Jan,Glut_exp,Silenced,Glut-8,VDV2,1.320229053
15-Jan,Glut_exp,Silenced,Glut-9,DWVa,0.317421019
16-Jan,Glut_exp,Silenced,Glut-9,ARV2,1.877465963
16-Jan,Glut_exp,Silenced,Glut-9,VDV2,1.201220989
23-Jan,Gly_exp,Silenced,Gly-1,ARV2,1.480877161
23-Jan,Gly_exp,Silenced,Gly-1,DWVa,0.114252903
23-Jan,Gly_exp,Silenced,Gly-1,VDV2,0.784441769
23-Jan,Gly_exp,Silenced,Gly-10,ARV2,1.212089539
23-Jan,Gly_exp,Silenced,Gly-10,DWVa,0.697601676
23-Jan,Gly_exp,Silenced,Gly-10,VDV2,1.195677042
23-Jan,Gly_exp,Silenced,Gly-11,ARV2,1.771389604
23-Jan,Gly_exp,Silenced,Gly-11,DWVa,0.235517338
23-Jan,Gly_exp,Silenced,Gly-11,VDV2,0.533363879
23-Jan,Gly_exp,Silenced,Gly-12,ARV2,3.042986155
23-Jan,Gly_exp,Silenced,Gly-12,DWVa,0.489656508
23-Jan,Gly_exp,Silenced,Gly-12,VDV2,0.920465767
23-Jan,Gly_exp,Silenced,Gly-13,ARV2,1.802874327
23-Jan,Gly_exp,Silenced,Gly-13,DWVa,0.224910527
23-Jan,Gly_exp,Silenced,Gly-13,VDV2,0.539971173
23-Jan,Gly_exp,Silenced,Gly-14,ARV2,1.332272291
23-Jan,Gly_exp,Silenced,Gly-14,DWVa,0.327764243
23-Jan,Gly_exp,Silenced,Gly-14,VDV2,1.037131548
23-Jan,Gly_exp,Silenced,Gly-15,ARV2,2.583055496
23-Jan,Gly_exp,Silenced,Gly-15,DWVa,4.255532742
23-Jan,Gly_exp,Silenced,Gly-15,VDV2,1.281934142
23-Jan,Gly_exp,Silenced,Gly-2,ARV2,1.10385406
23-Jan,Gly_exp,Silenced,Gly-2,DWVa,0.045046441
23-Jan,Gly_exp,Silenced,Gly-2,VDV2,1.0612818
23-Jan,Gly_exp,Silenced,Gly-3,ARV2,1.172823668
23-Jan,Gly_exp,Silenced,Gly-3,DWVa,2.878063202
23-Jan,Gly_exp,Silenced,Gly-3,VDV2,0.619781494
23-Jan,Gly_exp,Silenced,Gly-4,ARV2,2.05290699
23-Jan,Gly_exp,Silenced,Gly-4,DWVa,10.25996876
23-Jan,Gly_exp,Silenced,Gly-4,VDV2,0.90477556
23-Jan,Gly_exp,Silenced,Gly-5,ARV2,5.673676491
23-Jan,Gly_exp,Silenced,Gly-5,DWVa,6.443202972
23-Jan,Gly_exp,Silenced,Gly-5,VDV2,1.062785625
23-Jan,Gly_exp,Silenced,Gly-6,ARV2,1.323980093
23-Jan,Gly_exp,Silenced,Gly-6,DWVa,0.990106583
23-Jan,Gly_exp,Silenced,Gly-6,VDV2,1.141723037
23-Jan,Gly_exp,Silenced,Gly-7,ARV2,0.958918333
23-Jan,Gly_exp,Silenced,Gly-7,DWVa,2.710344315
23-Jan,Gly_exp,Silenced,Gly-7,VDV2,1.055110097
23-Jan,Gly_exp,Silenced,Gly-8,ARV2,1.23785162
23-Jan,Gly_exp,Silenced,Gly-8,DWVa,0.619259179
23-Jan,Gly_exp,Silenced,Gly-8,VDV2,0.779852152
23-Jan,Gly_exp,Silenced,Gly-9,ARV2,2.037338495
23-Jan,Gly_exp,Silenced,Gly-9,DWVa,0.163312688
23-Jan,Gly_exp,Silenced,Gly-9,VDV2,0.983520806
15-Jan,Sar_exp,Silenced,Sar-10,ARV2,1.786315084
14-Jan,Sar_exp,Silenced,Sar-10,DWVa,0.001920311
14-Jan,Sar_exp,Silenced,Sar-10,VDV2,1.189873934
15-Jan,Sar_exp,Silenced,Sar-11,ARV2,1.955590963
14-Jan,Sar_exp,Silenced,Sar-11,DWVa,0.087735295
14-Jan,Sar_exp,Silenced,Sar-11,VDV2,1.173441768
15-Jan,Sar_exp,Silenced,Sar-12,ARV2,0.086856879
14-Jan,Sar_exp,Silenced,Sar-12,DWVa,0.061999768
14-Jan,Sar_exp,Silenced,Sar-12,VDV2,0.895183146
15-Jan,Sar_exp,Silenced,Sar-4,ARV2,0.812474072
14-Jan,Sar_exp,Silenced,Sar-4,DWVa,0.000545378
14-Jan,Sar_exp,Silenced,Sar-4,VDV2,1.186516166
15-Jan,Sar_exp,Silenced,Sar-5,ARV2,2.593848944
14-Jan,Sar_exp,Silenced,Sar-5,DWVa,33.0404892
14-Jan,Sar_exp,Silenced,Sar-5,VDV2,1.343811274
15-Jan,Sar_exp,Silenced,Sar-6,ARV2,1.461667418
14-Jan,Sar_exp,Silenced,Sar-6,DWVa,0.676875353
14-Jan,Sar_exp,Silenced,Sar-6,VDV2,1.013550401
15-Jan,Sar_exp,Silenced,Sar-7,ARV2,1.318932891
14-Jan,Sar_exp,Silenced,Sar-7,DWVa,0.000806891
14-Jan,Sar_exp,Silenced,Sar-7,VDV2,0.78083998
15-Jan,Sar_exp,Silenced,Sar-9,ARV2,3.289829493
14-Jan,Sar_exp,Silenced,Sar-9,DWVa,0.893240452
14-Jan,Sar_exp,Silenced,Sar-9,VDV2,0.998270929
01-Feb,Anl_exp,Control,GFP-30,DWVa,1
01-Feb,Anl_exp,Silenced,Anl-1,DWVa,9099.212891
01-Feb,Anl_exp,Silenced,Anl-9,DWVa,15604.72852
01-Feb,Anl_exp,Control,GFP-31,DWVa,30661.06055
01-Feb,Anl_exp,Silenced,Anl-2,DWVa,3146.342773
01-Feb,Anl_exp,Silenced,Anl-10,DWVa,39.31678391
01-Feb,Anl_exp,Control,GFP-32,DWVa,2160.004395
01-Feb,Anl_exp,Silenced,Anl-3,DWVa,406.15802
01-Feb,Anl_exp,Silenced,Anl-11,DWVa,0.173068568
01-Feb,Anl_exp,Control,GFP-34,DWVa,0.020050079
01-Feb,Anl_exp,Silenced,Anl-4,DWVa,4337.933594
01-Feb,Anl_exp,Silenced,Anl-12,DWVa,9050.484375
01-Feb,Anl_exp,Control,GFP-35,DWVa,0.440740317
01-Feb,Anl_exp,Silenced,Anl-5,DWVa,19123.51563
01-Feb,Anl_exp,Silenced,Anl-13,DWVa,6962.491699
01-Feb,Anl_exp,Control,GFP-36,DWVa,1.825708985
01-Feb,Anl_exp,Silenced,Anl-6,DWVa,17904.56445
01-Feb,Anl_exp,Silenced,Anl-14,DWVa,399.1386414
01-Feb,Anl_exp,Control,GFP-37,DWVa,11700.69824
01-Feb,Anl_exp,Silenced,Anl-7,DWVa,10249.80566
01-Feb,Anl_exp,Silenced,Anl-15,DWVa,15286.9502
01-Feb,Anl_exp,Silenced,Anl-8,DWVa,1673.629028
01-Feb,Anl_exp,Silenced,Anl-16,DWVa,0.13068445
01-Feb,Anl_exp,Control,GFP-30,VDV2,1
01-Feb,Anl_exp,Silenced,Anl-1,VDV2,1.02892077
01-Feb,Anl_exp,Silenced,Anl-9,VDV2,1.29655838
01-Feb,Anl_exp,Control,GFP-31,VDV2,4.278598785
01-Feb,Anl_exp,Silenced,Anl-2,VDV2,1.633862138
01-Feb,Anl_exp,Silenced,Anl-10,VDV2,0.872733295
01-Feb,Anl_exp,Control,GFP-32,VDV2,1.870933175
01-Feb,Anl_exp,Silenced,Anl-3,VDV2,1.714773417
01-Feb,Anl_exp,Silenced,Anl-11,VDV2,1.093863487
01-Feb,Anl_exp,Control,GFP-34,VDV2,1.828165412
01-Feb,Anl_exp,Silenced,Anl-4,VDV2,1.659243941
01-Feb,Anl_exp,Silenced,Anl-12,VDV2,1.206080794
01-Feb,Anl_exp,Control,GFP-35,VDV2,1.104760051
01-Feb,Anl_exp,Silenced,Anl-5,VDV2,1.689451098
01-Feb,Anl_exp,Silenced,Anl-13,VDV2,2.296511173
01-Feb,Anl_exp,Control,GFP-36,VDV2,1.862911582
01-Feb,Anl_exp,Silenced,Anl-6,VDV2,1.845653176
01-Feb,Anl_exp,Silenced,Anl-14,VDV2,2.536607504
01-Feb,Anl_exp,Control,GFP-37,VDV2,1.335704327
01-Feb,Anl_exp,Silenced,Anl-7,VDV2,1.032932043
01-Feb,Anl_exp,Silenced,Anl-15,VDV2,2.093202591
01-Feb,Anl_exp,Silenced,Anl-8,VDV2,1.294508219
01-Feb,Anl_exp,Silenced,Anl-16,VDV2,1.184045792
01-Feb,Anl_exp,Control,GFP-30,ARV2,1
01-Feb,Anl_exp,Silenced,Anl-1,ARV2,0.622153282
01-Feb,Anl_exp,Silenced,Anl-9,ARV2,5.890611172
01-Feb,Anl_exp,Control,GFP-31,ARV2,17.97468185
01-Feb,Anl_exp,Silenced,Anl-2,ARV2,1.284582496
01-Feb,Anl_exp,Silenced,Anl-10,ARV2,3.377095699
01-Feb,Anl_exp,Control,GFP-32,ARV2,1.758777857
01-Feb,Anl_exp,Silenced,Anl-3,ARV2,0.110629253
01-Feb,Anl_exp,Silenced,Anl-11,ARV2,2.451308966
01-Feb,Anl_exp,Control,GFP-34,ARV2,4.802083492
01-Feb,Anl_exp,Silenced,Anl-4,ARV2,1.91725862
01-Feb,Anl_exp,Silenced,Anl-12,ARV2,3.663002968
01-Feb,Anl_exp,Control,GFP-35,ARV2,3.095529318
01-Feb,Anl_exp,Silenced,Anl-5,ARV2,3.747790098
01-Feb,Anl_exp,Silenced,Anl-13,ARV2,2.555752754
01-Feb,Anl_exp,Control,GFP-36,ARV2,4.104437828
01-Feb,Anl_exp,Silenced,Anl-6,ARV2,11.78512478
01-Feb,Anl_exp,Silenced,Anl-14,ARV2,4.969740391
01-Feb,Anl_exp,Control,GFP-37,ARV2,4.646331787
01-Feb,Anl_exp,Silenced,Anl-7,ARV2,2.19430685
01-Feb,Anl_exp,Silenced,Anl-15,ARV2,7.645775318
01-Feb,Anl_exp,Silenced,Anl-8,ARV2,4.316780567
01-Feb,Anl_exp,Silenced,Anl-16,ARV2,3.119913816
01-Feb,Twitch_exp,Control,GFP-14,VDV2,1
01-Feb,Twitch_exp,Silenced,Twitch-1,VDV2,0.799391031
01-Feb,Twitch_exp,Silenced,Twitch-9,VDV2,1.152737379
01-Feb,Twitch_exp,Control,GFP-15,VDV2,0.72659564
01-Feb,Twitch_exp,Silenced,Twitch-2,VDV2,4.978861809
01-Feb,Twitch_exp,Control,GFP-30,VDV2,0.772791386
01-Feb,Twitch_exp,Silenced,Twitch-3,VDV2,0.826498091
01-Feb,Twitch_exp,Control,GFP-31,VDV2,3.395053625
01-Feb,Twitch_exp,Silenced,Twitch-4,VDV2,1.251541138
01-Feb,Twitch_exp,Control,GFP-32,VDV2,1.33221674
01-Feb,Twitch_exp,Silenced,Twitch-5,VDV2,2.096344471
01-Feb,Twitch_exp,Control,GFP-6,VDV2,0.719724894
01-Feb,Twitch_exp,Silenced,Twitch-6,VDV2,1.251625538
01-Feb,Twitch_exp,Control,GFP-12,VDV2,0.885120034
01-Feb,Twitch_exp,Silenced,Twitch-7,VDV2,0.57933706
01-Feb,Twitch_exp,Silenced,Twitch-8,VDV2,0.969848037
01-Feb,Twitch_exp,Control,GFP-14,ARV2,1
01-Feb,Twitch_exp,Silenced,Twitch-1,ARV2,0.392100096
01-Feb,Twitch_exp,Silenced,Twitch-9,ARV2,1.263097167
01-Feb,Twitch_exp,Control,GFP-15,ARV2,0.896009624
01-Feb,Twitch_exp,Silenced,Twitch-2,ARV2,56.65749359
01-Feb,Twitch_exp,Control,GFP-30,ARV2,0.603560448
01-Feb,Twitch_exp,Silenced,Twitch-3,ARV2,0.534820974
01-Feb,Twitch_exp,Control,GFP-31,ARV2,11.87832165
01-Feb,Twitch_exp,Silenced,Twitch-4,ARV2,0.191676199
01-Feb,Twitch_exp,Control,GFP-32,ARV2,1.035289645
01-Feb,Twitch_exp,Silenced,Twitch-5,ARV2,1.544721723
01-Feb,Twitch_exp,Control,GFP-6,ARV2,3.279836655
01-Feb,Twitch_exp,Silenced,Twitch-6,ARV2,0.794487536
01-Feb,Twitch_exp,Control,GFP-12,ARV2,0.522524297
01-Feb,Twitch_exp,Silenced,Twitch-7,ARV2,1.302980065
01-Feb,Twitch_exp,Silenced,Twitch-8,ARV2,0.888301671
28-Jan,Twitch_exp,Control,GFP-14,DWVa,1
28-Jan,Twitch_exp,Silenced,Twitch-1,DWVa,1.708491087
28-Jan,Twitch_exp,Silenced,Twitch-9,DWVa,3.889502525
28-Jan,Twitch_exp,Control,GFP-15,DWVa,0.67235148
28-Jan,Twitch_exp,Silenced,Twitch-2,DWVa,3.492918253
28-Jan,Twitch_exp,Control,GFP-30,DWVa,0.000597845
28-Jan,Twitch_exp,Silenced,Twitch-3,DWVa,50.44969177
28-Jan,Twitch_exp,Control,GFP-31,DWVa,18.19165039
28-Jan,Twitch_exp,Silenced,Twitch-4,DWVa,34.3407135
28-Jan,Twitch_exp,Control,GFP-32,DWVa,1.351563215
28-Jan,Twitch_exp,Silenced,Twitch-5,DWVa,3.548472166
28-Jan,Twitch_exp,Control,GFP-6,DWVa,5.447145462
28-Jan,Twitch_exp,Silenced,Twitch-6,DWVa,1.358439565
28-Jan,Twitch_exp,Control,GFP-12,DWVa,2.20E-05
28-Jan,Twitch_exp,Silenced,Twitch-7,DWVa,0.000182709
28-Jan,Twitch_exp,Silenced,Twitch-8,DWVa,0.020290924
18-Jan,Trans_exp,Control,GFP-12,DWVa,1
18-Jan,Trans_exp,Silenced,Trans-1,DWVa,0.565068781
18-Jan,Trans_exp,Silenced,Trans-10,DWVa,1.805734515
18-Jan,Trans_exp,Control,GFP-15,DWVa,33715.10938
18-Jan,Trans_exp,Silenced,Trans-2,DWVa,1.620334744
18-Jan,Trans_exp,Silenced,Trans-11,DWVa,9.270752907
18-Jan,Trans_exp,Control,GFP-16,DWVa,20609.64844
18-Jan,Trans_exp,Silenced,Trans-4,DWVa,28339.70117
18-Jan,Trans_exp,Silenced,Trans-12,DWVa,1100.261719
18-Jan,Trans_exp,Control,GFP-8,DWVa,71840.09375
18-Jan,Trans_exp,Silenced,Trans-5,DWVa,82167.67969
18-Jan,Trans_exp,Silenced,Trans-13,DWVa,427181.9375
18-Jan,Trans_exp,Control,GFP-9,DWVa,21.41912842
18-Jan,Trans_exp,Silenced,Trans-6,DWVa,2.314812899
18-Jan,Trans_exp,Silenced,Trans-14,DWVa,485480.0313
18-Jan,Trans_exp,Control,GFP-23,DWVa,465.32901
18-Jan,Trans_exp,Silenced,Trans-7,DWVa,2.68099165
18-Jan,Trans_exp,Silenced,Trans-15,DWVa,7.037041664
18-Jan,Trans_exp,Control,GFP-24,DWVa,1066.745972
18-Jan,Trans_exp,Silenced,Trans-8,DWVa,2.235469341
18-Jan,Trans_exp,Silenced,Trans-16,DWVa,3.380644798
18-Jan,Trans_exp,Silenced,Trans-9,DWVa,10.27898979
19-Jan,Trans_exp,Control,GFP-12,ARV2,1
19-Jan,Trans_exp,Silenced,Trans-1,ARV2,0
19-Jan,Trans_exp,Silenced,Trans-10,ARV2,3.506324291
19-Jan,Trans_exp,Control,GFP-15,ARV2,1.460920691
19-Jan,Trans_exp,Silenced,Trans-2,ARV2,6.085904121
19-Jan,Trans_exp,Silenced,Trans-11,ARV2,3.309775114
19-Jan,Trans_exp,Control,GFP-16,ARV2,30.17097855
19-Jan,Trans_exp,Silenced,Trans-4,ARV2,91.12982941
19-Jan,Trans_exp,Silenced,Trans-12,ARV2,2.026233912
19-Jan,Trans_exp,Control,GFP-8,ARV2,1.535095215
19-Jan,Trans_exp,Silenced,Trans-5,ARV2,3.289085865
19-Jan,Trans_exp,Silenced,Trans-13,ARV2,2.923775434
19-Jan,Trans_exp,Control,GFP-9,ARV2,1.086266518
19-Jan,Trans_exp,Silenced,Trans-6,ARV2,3.129046917
19-Jan,Trans_exp,Silenced,Trans-14,ARV2,4.385559559
19-Jan,Trans_exp,Control,GFP-23,ARV2,3.880997658
19-Jan,Trans_exp,Silenced,Trans-7,ARV2,1.768678546
19-Jan,Trans_exp,Silenced,Trans-15,ARV2,1.193507075
19-Jan,Trans_exp,Control,GFP-24,ARV2,2.652623892
19-Jan,Trans_exp,Silenced,Trans-8,ARV2,1.588892102
19-Jan,Trans_exp,Silenced,Trans-16,ARV2,2.357026577
19-Jan,Trans_exp,Silenced,Trans-9,ARV2,3.132026911
19-Jan,Trans_exp,Control,GFP-12,VDV2,1
19-Jan,Trans_exp,Silenced,Trans-1,VDV2,0.405669481
19-Jan,Trans_exp,Silenced,Trans-10,VDV2,0.627654672
19-Jan,Trans_exp,Control,GFP-15,VDV2,0.80717063
19-Jan,Trans_exp,Silenced,Trans-2,VDV2,1.125626922
19-Jan,Trans_exp,Silenced,Trans-11,VDV2,1.082058191
19-Jan,Trans_exp,Control,GFP-16,VDV2,2.3256042
19-Jan,Trans_exp,Silenced,Trans-4,VDV2,3.357778549
19-Jan,Trans_exp,Silenced,Trans-12,VDV2,0.557700813
19-Jan,Trans_exp,Control,GFP-8,VDV2,1.081302404
19-Jan,Trans_exp,Silenced,Trans-5,VDV2,1.05601573
19-Jan,Trans_exp,Silenced,Trans-13,VDV2,0.725064576
19-Jan,Trans_exp,Control,GFP-9,VDV2,0.879187226
19-Jan,Trans_exp,Silenced,Trans-6,VDV2,1.100819826
19-Jan,Trans_exp,Silenced,Trans-14,VDV2,1.494777083
19-Jan,Trans_exp,Control,GFP-23,VDV2,1.289792418
19-Jan,Trans_exp,Silenced,Trans-7,VDV2,0.547213793
19-Jan,Trans_exp,Silenced,Trans-15,VDV2,0.689780653
19-Jan,Trans_exp,Control,GFP-24,VDV2,1.066739798
19-Jan,Trans_exp,Silenced,Trans-8,VDV2,0.856076241
19-Jan,Trans_exp,Silenced,Trans-16,VDV2,0.866708755
19-Jan,Trans_exp,Silenced,Trans-9,VDV2,0.642403305